{
    "index": {
        "0": 0
    },
    "Type": {
        "0": "XGBoostModel"
    },
    "Split Type": {
        "0": "None"
    },
    "Model Weight": {
        "0": 1
    },
    "booster": {
        "0": "gbtree"
    },
    "max_depth": {
        "0": 3
    },
    "max_leaves": {
        "0": 0
    },
    "subsample": {
        "0": 0.7
    },
    "colsample_bytree": {
        "0": 0.6
    },
    "tree_method": {
        "0": "hist"
    },
    "grow_policy": {
        "0": "depthwise"
    },
    "random_state": {
        "0": 230556881
    },
    "learning rate": {
        "0": 0.1
    },
    "Target Transformer": {
        "0": "LabelEncoder"
    },
    "Fitted features": {
        "0": 31
    },
    "Fit iterations ": {
        "0": [
            1
        ]
    },
    "Fit tree/step count ": {
        "0": [
            1
        ]
    }
}