{
    "Optimized": {
        "GINI": "",
        "MCC": "",
        "F05": "",
        "F1": "",
        "F2": "",
        "LOGLOSS": "",
        "AUC": "",
        "AUCPR": "",
        "MACROAUC": "",
        "ACCURACY": "*"
    },
    "Better score is": {
        "GINI": "higher",
        "MCC": "higher",
        "F05": "higher",
        "F1": "higher",
        "F2": "higher",
        "LOGLOSS": "lower",
        "AUC": "higher",
        "AUCPR": "higher",
        "MACROAUC": "higher",
        "ACCURACY": "higher"
    },
    "Final (best individual) validation scores": {
        "GINI": "N/A",
        "MCC": "N/A",
        "F05": "N/A",
        "F1": "N/A",
        "F2": "N/A",
        "LOGLOSS": "N/A",
        "AUC": "N/A",
        "AUCPR": "N/A",
        "MACROAUC": "N/A",
        "ACCURACY": "0.95165"
    },
    "Final (best individual) validation standard deviation": {
        "GINI": "N/A",
        "MCC": "N/A",
        "F05": "N/A",
        "F1": "N/A",
        "F2": "N/A",
        "LOGLOSS": "N/A",
        "AUC": "N/A",
        "AUCPR": "N/A",
        "MACROAUC": "N/A",
        "ACCURACY": "0.0010873"
    }
}