{
    "Relative Importance": {
        "dv": 1.0,
        "rot_per": 0.8188507408,
        "BV": 0.7302375668,
        "H": 0.1811492592,
        "condition_code": 0.1811492592,
        "A1": 0.0,
        "q": 0.0,
        "moid_ld": 0.0,
        "A2": 0.0,
        "n_dop_obs_used": 0.0,
        "n_obs_used": 0.0,
        "name": 0.0,
        "neo": 0.0,
        "per": 0.0,
        "per_y": 0.0,
        "producer": 0.0,
        "rms": 0.0,
        "last_obs": 0.0,
        "sigma_e": 0.0,
        "sigma_n": 0.0,
        "sigma_per": 0.0,
        "sigma_tp": 0.0,
        "sigma_w": 0.0,
        "spkid": 0.0,
        "t_jup": 0.0,
        "tp": 0.0,
        "tp_cal": 0.0,
        "ma": 0.0,
        "n": 0.0,
        "i": 0.0,
        "data_arc": 0.0,
        "G": 0.0,
        "GM": 0.0,
        "est_diameter": 0.0,
        "H_sigma": 0.0,
        "epoch_mjd": 0.0,
        "epoch_cal": 0.0,
        "epoch": 0.0,
        "IR": 0.0,
        "a": 0.0,
        "closeness": 0.0,
        "diameter": 0.0,
        "first_obs": 0.0,
        "diameter_sigma": 0.0,
        "w": 0.0,
        "sigma_i": 0.0,
        "moid": 0.0,
        "pha": 0.0,
        "n_del_obs_used": 0.0,
        "sigma_ad": 0.0,
        "prov_des": 0.0,
        "UB": 0.0,
        "e": 0.0,
        "sigma_q": 0.0,
        "sigma_ma": 0.0,
        "om": 0.0,
        "sigma_a": 0.0,
        "extent": 0.0,
        "moid_jup": 0.0,
        "ad": 0.0,
        "sigma_om": 0.0,
        "orbit_id": 0.0,
        "albedo": 0.0,
        "class": 0.0
    },
    "Shift in Relative Importance": {
        "dv": 0.7499549232,
        "rot_per": 0.680586344,
        "BV": 0.3418010995,
        "H": -0.0083790983,
        "condition_code": -0.1019008905,
        "A1": 0.0,
        "q": 0.0,
        "moid_ld": 0.0,
        "A2": 0.0,
        "n_dop_obs_used": 0.0,
        "n_obs_used": 0.0,
        "name": 0.0,
        "neo": 0.0,
        "per": 0.0,
        "per_y": 0.0,
        "producer": 0.0,
        "rms": 0.0,
        "last_obs": 0.0,
        "sigma_e": 0.0,
        "sigma_n": 0.0,
        "sigma_per": 0.0,
        "sigma_tp": 0.0,
        "sigma_w": 0.0,
        "spkid": 0.0,
        "t_jup": 0.0,
        "tp": 0.0,
        "tp_cal": 0.0,
        "ma": 0.0,
        "n": 0.0,
        "i": 0.0,
        "data_arc": 0.0,
        "G": 0.0,
        "GM": 0.0,
        "est_diameter": 0.0,
        "H_sigma": 0.0,
        "epoch_mjd": 0.0,
        "epoch_cal": 0.0,
        "epoch": 0.0,
        "IR": 0.0,
        "a": 0.0,
        "closeness": 0.0,
        "diameter": 0.0,
        "first_obs": 0.0,
        "diameter_sigma": -0.0032537974,
        "w": -0.0158310239,
        "sigma_i": -0.0213117745,
        "moid": -0.0239947288,
        "pha": -0.0316655664,
        "n_del_obs_used": -0.0319591511,
        "sigma_ad": -0.0332067679,
        "prov_des": -0.0335109515,
        "UB": -0.0395997701,
        "e": -0.0422013254,
        "sigma_q": -0.0498122714,
        "sigma_ma": -0.051926955,
        "om": -0.0835925214,
        "sigma_a": -0.094713036,
        "extent": -0.1145463827,
        "moid_jup": -0.1312508333,
        "ad": -0.142786584,
        "sigma_om": -0.1737391604,
        "orbit_id": -0.1742599198,
        "albedo": -0.1749026922,
        "class": -0.1939971648
    }
}