{
    "Relative Importance": {
        "171_NumToCatWoE:ad:sigma_om.0": 1.0,
        "121_ClusterDist8:BV:H:condition_code:dv.2": 0.8725149634,
        "10_BV": 0.8379617464,
        "229_CVCatNumEnc:class:orbit_id:moid_jup.mean": 0.6057078051,
        "19_albedo": 0.4864502206,
        "176_NumToCatWoE:condition_code:sigma_a.0": 0.4409006321,
        "187_NumCatTE:extent:sigma_q.3": 0.398493205,
        "96_ClusterTE:ClusterID14:BV:UB:rot_per:sigma_a.1": 0.3167942131,
        "121_ClusterDist8:BV:H:condition_code:dv.4": 0.3018365132,
        "129_ClusterTE:ClusterID30:moid_jup.4": 0.2943847259,
        "232_ClusterTE:ClusterID82:BV:albedo.3": 0.2750580281,
        "115_CVTE:class:extent:orbit_id:prov_des.1": 0.2680842709,
        "185_NumToCatTE:sigma_ad.0": 0.2656508328,
        "157_TruncSVD:BV:albedo:n_del_obs_used:rot_per.0": 0.2556700228,
        "70_NumCatTE:class:dv:om:pha.3": 0.2533213743,
        "267_NumToCatWoE:condition_code:rot_per.2": 0.2516022935,
        "154_CVTE:class:extent:orbit_id.0": 0.2497821662,
        "25_dv": 0.2485735863,
        "142_TruncSVD:BV:condition_code:e:om:sigma_ma:sigma_om.2": 0.247617526,
        "112_TruncSVD:H:albedo:dv:moid.0": 0.191955438,
        "200_ClusterTE:ClusterID64:albedo.0": 0.1900703906,
        "76_WoE:class:orbit_id.4": 0.1750623611,
        "49_sigma_i": 0.1704920711,
        "165_ClusterDist9:om:sigma_ma.7": 0.167792937,
        "235_ClusterDist8:H:condition_code:moid_jup:rot_per.7": 0.1499010501,
        "171_NumToCatWoE:ad:sigma_om.4": 0.1422784363,
        "258_InteractionSub:dv:rot_per": 0.1321338102,
        "61_w": 0.1266466129,
        "4_Freq:orbit_id": 0.0954253823,
        "26_e": 0.0899888696,
        "24_diameter_sigma": 0.026030055
    },
    "Standard Deviation of Relative Importance": {
        "171_NumToCatWoE:ad:sigma_om.0": 0.4409585518,
        "121_ClusterDist8:BV:H:condition_code:dv.2": 0.3333333333,
        "10_BV": 0.4265112238,
        "229_CVCatNumEnc:class:orbit_id:moid_jup.mean": 0.3333333333,
        "19_albedo": 0.3333333333,
        "176_NumToCatWoE:condition_code:sigma_a.0": 0.3333333333,
        "187_NumCatTE:extent:sigma_q.3": 0.3322070409,
        "96_ClusterTE:ClusterID14:BV:UB:rot_per:sigma_a.1": 0.217078884,
        "121_ClusterDist8:BV:H:condition_code:dv.4": 0.235840907,
        "129_ClusterTE:ClusterID30:moid_jup.4": 0.3333333333,
        "232_ClusterTE:ClusterID82:BV:albedo.3": 0.1050824492,
        "115_CVTE:class:extent:orbit_id:prov_des.1": 0.1709910337,
        "185_NumToCatTE:sigma_ad.0": 0.1694389243,
        "157_TruncSVD:BV:albedo:n_del_obs_used:rot_per.0": 0.0976755065,
        "70_NumCatTE:class:dv:om:pha.3": 0.3258496935,
        "267_NumToCatWoE:condition_code:rot_per.2": 0.1724070164,
        "154_CVTE:class:extent:orbit_id.0": 0.2828296264,
        "25_dv": 0.1367951039,
        "142_TruncSVD:BV:condition_code:e:om:sigma_ma:sigma_om.2": 0.1728963167,
        "112_TruncSVD:H:albedo:dv:moid.0": 0.1224341087,
        "200_ClusterTE:ClusterID64:albedo.0": 0.1045996045,
        "76_WoE:class:orbit_id.4": 0.1323520905,
        "49_sigma_i": 0.0995631987,
        "165_ClusterDist9:om:sigma_ma.7": 0.1070226449,
        "235_ClusterDist8:H:condition_code:moid_jup:rot_per.7": 0.169733727,
        "171_NumToCatWoE:ad:sigma_om.4": 0.0782987194,
        "258_InteractionSub:dv:rot_per": 0.1032431673,
        "61_w": 0.088429657,
        "4_Freq:orbit_id": 0.1082523057,
        "26_e": 0.0703130857,
        "24_diameter_sigma": 0.0143248691
    },
    "Description": {
        "171_NumToCatWoE:ad:sigma_om.0": "Weight of Evidence for columns ['ad', 'sigma_om']. Dim reduction into 5-D space applied, latent feature #0 (numeric columns are bucketed into 10 equally populated bins)",
        "121_ClusterDist8:BV:H:condition_code:dv.2": "Distances to cluster center after segmenting columns ['BV', 'H', 'condition_code', 'dv'] into 8 clusters. Distance to cluster #2 [internal:False]",
        "10_BV": "BV (original)",
        "229_CVCatNumEnc:class:orbit_id:moid_jup.mean": "Out-of-fold mean of 'moid_jup' grouped by: ['class', 'orbit_id'] using 5 folds [internal:('mean', None)]",
        "19_albedo": "albedo (original)",
        "176_NumToCatWoE:condition_code:sigma_a.0": "Weight of Evidence for columns ['condition_code', 'sigma_a']. Dim reduction into 5-D space applied, latent feature #0 (numeric columns are bucketed into 250 equally populated bins)",
        "187_NumCatTE:extent:sigma_q.3": "Out-of-fold mean of the response grouped by: ['extent', 'sigma_q'] using 5 folds. Dim reduction into 5-D space applied, latent feature 3. [internal:(100, 10, None)] (numeric columns are bucketed into 25 equally populated bins) [internal:(100, 10, None)]",
        "96_ClusterTE:ClusterID14:BV:UB:rot_per:sigma_a.1": "Out-of-fold mean of the response grouped by: ['ClusterID14:BV:UB:rot_per:sigma_a'] using 5 folds. Dim reduction into 5-D space applied, latent feature 1. [internal:(20, 5, 10)] (Clustered into 14 clusters) [internal:(14, False, 20, 5, 10)]",
        "121_ClusterDist8:BV:H:condition_code:dv.4": "Distances to cluster center after segmenting columns ['BV', 'H', 'condition_code', 'dv'] into 8 clusters. Distance to cluster #4 [internal:False]",
        "129_ClusterTE:ClusterID30:moid_jup.4": "Out-of-fold mean of the response grouped by: ['ClusterID30:moid_jup'] using 5 folds. Dim reduction into 5-D space applied, latent feature 4. [internal:(100, 5, 20)] (Clustered into 30 clusters) [internal:(30, False, 100, 5, 20)]",
        "232_ClusterTE:ClusterID82:BV:albedo.3": "Out-of-fold mean of the response grouped by: ['ClusterID82:BV:albedo'] using 5 folds. Dim reduction into 5-D space applied, latent feature 3. [internal:(10, 1, 20)] (Clustered into 82 clusters) [internal:(82, True, 10, 1, 20)]",
        "115_CVTE:class:extent:orbit_id:prov_des.1": "Out-of-fold mean of the response grouped by: ['class', 'extent', 'orbit_id', 'prov_des'] using 5 folds. Dim reduction into 5-D space applied, latent feature 1. [internal:(100, 1, 100)]",
        "185_NumToCatTE:sigma_ad.0": "Out-of-fold mean of the response grouped by: ['sigma_ad'] using 5 folds. Dim reduction into 5-D space applied, latent feature 0. [internal:(10, 5, 10)] (numeric columns are bucketed into 100 equally populated bins) [internal:(10, 5, 10)]",
        "157_TruncSVD:BV:albedo:n_del_obs_used:rot_per.0": "Component #1 of truncated SVD of ['BV', 'albedo', 'n_del_obs_used', 'rot_per'] into 3 components",
        "70_NumCatTE:class:dv:om:pha.3": "Out-of-fold mean of the response grouped by: ['class', 'dv', 'om', 'pha'] using 5 folds. Dim reduction into 5-D space applied, latent feature 3. [internal:(20, 3, 100)] (numeric columns are bucketed into 100 equally populated bins) [internal:(20, 3, 100)]",
        "267_NumToCatWoE:condition_code:rot_per.2": "Weight of Evidence for columns ['condition_code', 'rot_per']. Dim reduction into 5-D space applied, latent feature #2 (numeric columns are bucketed into 25 equally populated bins)",
        "154_CVTE:class:extent:orbit_id.0": "Out-of-fold mean of the response grouped by: ['class', 'extent', 'orbit_id'] using 5 folds. Dim reduction into 5-D space applied, latent feature 0. [internal:(10, 1, 20)]",
        "25_dv": "dv (original)",
        "142_TruncSVD:BV:condition_code:e:om:sigma_ma:sigma_om.2": "Component #3 of truncated SVD of ['BV', 'condition_code', 'e', 'om', 'sigma_ma', 'sigma_om'] into 3 components",
        "112_TruncSVD:H:albedo:dv:moid.0": "Component #1 of truncated SVD of ['H', 'albedo', 'dv', 'moid'] into 3 components",
        "200_ClusterTE:ClusterID64:albedo.0": "Out-of-fold mean of the response grouped by: ['ClusterID64:albedo'] using 5 folds. Dim reduction into 5-D space applied, latent feature 0. [internal:(10, 3, 20)] (Clustered into 64 clusters) [internal:(64, False, 10, 3, 20)]",
        "76_WoE:class:orbit_id.4": "Weight of Evidence for columns ['class', 'orbit_id']. Dim reduction into 5-D space applied, latent feature #4",
        "49_sigma_i": "sigma_i (original)",
        "165_ClusterDist9:om:sigma_ma.7": "Distances to cluster center after segmenting columns ['om', 'sigma_ma'] into 9 clusters. Distance to cluster #7 [internal:False]",
        "235_ClusterDist8:H:condition_code:moid_jup:rot_per.7": "Distances to cluster center after segmenting columns ['H', 'condition_code', 'moid_jup', 'rot_per'] into 8 clusters. Distance to cluster #7 [internal:False]",
        "171_NumToCatWoE:ad:sigma_om.4": "Weight of Evidence for columns ['ad', 'sigma_om']. Dim reduction into 5-D space applied, latent feature #4 (numeric columns are bucketed into 10 equally populated bins)",
        "258_InteractionSub:dv:rot_per": "[dv] - [rot_per]",
        "61_w": "w (original)",
        "4_Freq:orbit_id": "Encoding of categorical levels of feature(s) ['orbit_id'] to value between 0 and 1 based on their relative frequency",
        "26_e": "e (original)",
        "24_diameter_sigma": "diameter_sigma (original)"
    }
}