{
    "index": {
        "0": 0
    },
    "n_gpus": {
        "0": 0
    },
    "gpu_id": {
        "0": 0
    },
    "n_estimators": {
        "0": 1
    },
    "booster": {
        "0": "gbtree"
    },
    "learning_rate": {
        "0": 0.1
    },
    "reg_alpha": {
        "0": 0.0
    },
    "reg_lambda": {
        "0": 10.0
    },
    "gamma": {
        "0": 0
    },
    "max_depth": {
        "0": 3
    },
    "max_bin": {
        "0": 256
    },
    "max_leaves": {
        "0": 0
    },
    "scale_pos_weight": {
        "0": 1.0
    },
    "max_delta_step": {
        "0": 0.0
    },
    "min_child_weight": {
        "0": 1
    },
    "subsample": {
        "0": 0.7
    },
    "colsample_bytree": {
        "0": 0.6
    },
    "tree_method": {
        "0": "hist"
    },
    "grow_policy": {
        "0": "depthwise"
    },
    "min_data_in_bin": {
        "0": 1
    },
    "min_child_samples": {
        "0": 1
    },
    "boosting_type": {
        "0": "gbdt"
    },
    "num_classes": {
        "0": 26
    },
    "score_f_name": {
        "0": "ACCURACY"
    },
    "objective": {
        "0": "multi:softprob"
    },
    "eval_metric": {
        "0": "mlogloss"
    },
    "random_state": {
        "0": 230556881
    },
    "early_stopping_threshold": {
        "0": 0
    },
    "monotonicity_constraints": {
        "0": false
    },
    "silent": {
        "0": true
    },
    "debug_verbose": {
        "0": 0
    },
    "model_origin": {
        "0": "RANDOM"
    },
    "n_jobs": {
        "0": 3
    },
    "num_parallel_tree": {
        "0": 1
    },
    "num_class": {
        "0": 26
    }
}