{"A1": "float32", "A2": "float32", "BV": "float32", "G": "float32", "GM": "float32", "H": "float32", "H_sigma": "float32", "IR": "float32", "UB": "float32", "a": "float32", "ad": "float32", "albedo": "float32", "class": "object", "closeness": "float32", "condition_code": "float32", "data_arc": "float32", "diameter": "float32", "diameter_sigma": "float32", "dv": "float32", "e": "float32", "epoch": "float32", "epoch_cal": "float32", "epoch_mjd": "float32", "est_diameter": "float32", "extent": "object", "first_obs": "object", "i": "float32", "last_obs": "object", "ma": "float32", "moid": "float32", "moid_jup": "float32", "moid_ld": "float32", "n": "float32", "n_del_obs_used": "float32", "n_dop_obs_used": "float32", "n_obs_used": "float32", "name": "object", "neo": "object", "om": "float32", "orbit_id": "object", "per": "float32", "per_y": "float32", "pha": "object", "producer": "object", "prov_des": "object", "q": "float32", "rms": "float32", "rot_per": "float32", "sigma_a": "float32", "sigma_ad": "float32", "sigma_e": "float32", "sigma_i": "float32", "sigma_ma": "float32", "sigma_n": "float32", "sigma_om": "float32", "sigma_per": "float32", "sigma_q": "float32", "sigma_tp": "float32", "sigma_w": "float32", "spkid": "float32", "t_jup": "float32", "tp": "float32", "tp_cal": "float32", "w": "float32", "spec_B": "int"}